MEGASOFT,"Immeuble Essarrafa, Moknin, Tunisia",contact@megasoft-online.com
Mosofty,"37 avenue de colmar, 92500 Reuil Malmaison, France",contact@mosofty.com
Innovant Studio,"Technopark Elghazela B11, Ariana, Tunisia",careers@innovant.studio
B2M,7 allée abou al atahia 1082 mutuelleville,Baligh.hamdi@b2m-it.com
Neocortex Technologies,"Lac 2 , Imm Vital Cube",amine@neocortex-consulting.com
Next Gen Solution,Avenu Habib Bourguiba A-1-1  2080 centre d'affaire Carthage Ariana,contact@ngs.tn
Machinestalk,Centre Urbain nord Loyd 9eme etage,mayssa.boubahri@machinestalk.com
Brandee R&D,"Imm LIDO, app N°21 Bizerte 7000, Binzart",acallarec@getbrandee.com
MS Solutions,"A40-A41, Imm le 45 , Avenue du japon , Montplaisir",contact@mssolutions.tn
Go Partner TN,"18, Deuxième étage Boulevard Habib Bourguiba, 2010 Manouba – Tunisie",contact@gopartner.fr
BUSINESS & AI,Megrine Business Center.,contact@business-and-ai.com
Laboratoire de recherche RIADI,"École Nationale des Sciences de l'Informatique (ENSI)  Campus Universitaire de la Manouba, 2010 Manouba, Tunisie",sihem.bensassi@gmail.com
ACCÈS LEADER GROUPE,"VH4W+VHM, Hammam Sousse",tn@accessleader.com
TakiAcademy,"Rue du Maghreb Arabe, khezma-Sousse 4071",contact@takiacademy.com
International Information Developments,"43 Av. Kheireddine Pacha, Montplaisir - Tunis",zbaliha@e-i.com
Orange Tunisie,"Siège social : Immeuble Orange, avenue du Cheikh Mohamed Fadhel Ben Achour, Centre Urbain Nord, 1003 Tunis",moumelli@naxxum.fr
Accent,Pole Technologique de Mannouba,contact@accent.tn
Infraplus,"avenue de medine el mourouj,Ben arous",contact@infraplus.net
Spectrum Groupe,"Zone d’activité Kheireddine. La Goulette, Tunisie",sofien.chaabouni@spectrumgroupe.fr
Meta,"1 Rathbone Square, London",iheb@fb.com
Corilus,"immeuble zahra, rue du lac Turkana, les berges du lac",info.medical@corilus.be
Forvia Informatique Tunisie,"Centre Urbain Nord, Imm Cercle des bureaux, 7ème étage B7, Ariana Ville, Ariana, 2088 Tunisie",afifa.manai@forvia.com
Tunisair,Boulevard Mohamed Bouazizi . Charguia 2035,brc@tunisair.com.tn
Inetum Tunisie,"Immeuble Horizon, Avenue De La Bourse، Tunis 1053",info@inetum.world
Udini,"DeepSmile Lab, Technopôle de Sfax",houda.chaabouni@deepsmile.com
Tunisie Technologies,Sousse Sahloul,contact@tuni-tech.com
Linedata,Centre Urbain Nord 1082 TUNIS,Sinda.Krifa@se.linedata.com
sopra banking,"Immeuble Les Pins Bloc B, Cité les Pins Lotissement Zone VI, Lac 2 1053 Les Berges du lac",contact-corp@soprasteria.com
Lemniscus,"3, Rue du 13 Aout – La Marsa 2078",Sana.ksouri@gmail.com
Axefinance,"Rue lac Huron, Immeuble la couverture, 1053, lac1",Hr@axefinance.com
ZNet-IT,"Route de Tunis km 10 cités El Ons Pépinière d’entreprises Sfax Innovation 3 3021 Sakiet Ezzit . Sfax, Tunisie",contact@znetit.com
MyWeb,Z-I-Chotrana,contact@myweb-dev.site
Hydatis,"Immeuble Golden Tower, Bloc B Centre urbain Nord , Tunis 1083 Tunisie",contact@hydatis.com
Tessan,"17, Rue Ahmed Rami, City des Jardins, Tunis 1002, TN",rafik.dahmen@tessan-technology.com
Sagemcom Software and Technologies,34 Avenue Paris Megrine 2033,hanen.rouahi@sagemcom.com
Spark-it,"Route Gremda km 4, Bouzayen, Sfax",fsallem@spark-it.fr
IID - International Information Developments,"43 Av. Kheireddine Pacha, Tunis",hamza.zbali@e-i.com
Tech1,RESIDENCE DAR EL KHIR Cité Les pins 1053 LAC 2 Tunis,amira.kaabi@tech1.tn
REGIM-LAB,"ENIS, Route de Soukra Km 4, BP 1173, Sfax.",adel.alimi@regim.usf.tn
ABSHORE,"Rue Du Lac Lechness, Immeuble NEO 2ème étage 1053, Les Berges Du Lac Tunis, Tunisie",contact@abshore.com
PixiMind,"Rte El Ain Km 1.5 Imm Alihsen APP.2.2, Sfax  Tunisie",administration@piximind.com
M-TECH,15 Route des gardes 92190 MEUDON,mehdi.bensabbah@web-m-tech.fr
intellitech,Sfax Route tunis km6 Sakkiet ezzit,info@bird-notes.com
Info'Lib,10 street Mahmoud khachlef sousse corniche 4059,contact@infolib.tn
DRÄXLMAIER,"Zone Industrielle Route Bir Ettayeb KM2, 5020 Jemmal, Monastir",Slim.Bacha@draexlmaier.com
SiFast,"42 rue meteor route el Ain klm1, sfax",contact@sifast.com
Axe finance,"3éme étage, Immeuble La Couverture, Rue du Lac Huron, Tunis 1053",marketing@axefinance.com
SFM technologies,"81 Av. Hédi Chaker, Tunis 1002",info@sfmtelecom.com
AREV,technopole manouba 2010,support@makhbazti.com
Get Wireless,"Immeuble ZARRAD, rue ALFRED NOBEL, Bloc A, Bureau AM3, zone d’activité Khaireddine, lac 3",contact@getwireless.com.tn
Talan Tunisie Consulting,"10 rue de l'energie solaire impasse 1,charguia1",imen.ayari@talan.com
BNA,Rue Hedi Nouira Tunis,hatem.kriaa@bna.tn
Fourity,"Narodnog fronta 21c, Novi Sad 21000",office@fourity.com
Madar Consulting,"B3-2 Immeuble Ines ,centre urban nord  ,1802, Tunis",Zboufaden@madarconsulting.com
cognira,"Immeuble Premium , Avenue de l'Euro, Les Berges du Lac 2",saida.youssef@cognira.com
We Settle,2 Rue Ahmed Tijeni Cité Najet Oued Elil Manouba,contact@we-settle.com
PPR Technologies inc.,1120 rue Hélène-Boullé Boucherville (Québec) J4B2A7 Canada,abid.mariem@gmail.com
Orthlane,immeuble Ribat El Medina Sfax,ali@orthlane.com
Banque Internationale Arabe De Tunisie,Angle rue de grece et rue de yougoslavie. 1000,tre@biat.com.tn
Elite2com,"Avenue Hedi Nouira, Immeuble Aicha, Nabeul 8000",contact@elite2com.com
Laboratoire COSIM,"Route de Raoued 3,5 Km  - 2083, Ariana Tunisie",contact@supcom.tn
BIAT Tunisie,70-72 Av Habib Bourghiba,Neira.moalla@biat.com.tn
L'Institut National de la Statistique,70 Rue el Cham belvedere Tunis,ins@ins.tn
Université Paris-Est Créteil (UPEC),"122 rue Paul Armangot, 94400 Vitry sur Seine",yacine.amirat@u-pec.fr
Biware Solutions,"2éme étage Bloc A de la Résidence Farah, Rue du Lac Huron, 1053 Les berges du Lac, Tunis - Tunisie",contact@biware-consulting.com
Deep Learn Strategies Limited,"Ground Floor, 2 Woodberry Grove, London, England, N12 0DR",info@dls.ltd
Informatech,Avenue Habib Bourguiba Teboulba -Monastir,contact@informatech.com.tn
IODEV,"B54 Immeuble le 24 Rue Mongi Slim, Sakiet Ezzit,Sfax-Tunisie",contact@iovision.io
primatec engineering,sakiet zit sfax,personal@primatec.tn
WeDo Consult,"Avenue Habib Bourguiba, centre Hermès B44, Grombalia",sami.garradhi@wedo-consult.com
Capgemini Engineering,"Parc Technologique El Ghazala Bloc N°3 Route de Raoued Km 3,5 Ariana, Tunisie, 2088",mohamedamine.babay@altran.com
Com and Dev,Sahloul Sousse,contact@com-and-dev.com
ProgressSoft Corporation,"51 Saad Bin Abi Waqqas St، Amman, Jordan",marketing@progressoft.com
Groupe chimique tunisien,Gabes,Bedoui.Mouafak@gct.com.tn
Enova Robotics,Novation City - Technopôle de Sousse,contact@enovarobotics.com
Z-Consulting,"Route de gremda ,sfax",sahnoun@zconsulting.fr
Sama Consulting,"Villa 24, Cité EL BAHRI – Ezzahra",Contact@sama-consulting.com
Coconsult,Sfax,contact@coconsult.fr
Glinse,sfax,example@glinse.com
Glinse,Sfax,contact@glinse.com
Aromair,,stage@arom-air.com
HackUp,,ayhemghanmi@hackup.io
DeepFlows,,mm@deepflows.co
IROKO CONCEPT SARL,,irokoconcept@hotmail.com
Lootust,,Contact@lootust.tech
Tabaani,,followme2tunisia@gmail.com
WeMove,,info@wemove.tn
Meliorar Experientia generation,,meliorarexperientiageneration@gmail.com
pixemantic,,contact@pixemantic.com
Cynoia,,job@cynoia.com
Digiforhealth,,njaoua@gmail.com
VISTASY,,badaouiahmedba@gmail.com
Bakchich,,melek@ba9chich.com
K2LIS,,tarek.kamoun@k2lis.com
Pwn & Patch,,oussama.lessis@pwnandpatch.com
Big bombastic business,,cv@siporty.tn
branper,,info@branper.com