Nom de l'entreprise,Adresse,Email entreprise
piximaentic,"Centre d'innovation , Technopole el Ghazala",mohamed.touati@enit.utm.tn
Tagamuta Valley,Smart Tunisian Technoparks,contact@tagamuta-valley.com
Neoxion Technologies,Résidence Ibn Khaldoun BL 1-1 Mourouj 5 Ben Arous Tunisia,contact@neoxiontechnologies.com
Université du Luxembourg,"29, Avenue J.F Kennedy 1855 Luxembourg",hr.fo@uni.lu
Dassault Systèmes,"10, rue Marcel Dassault —78140 VELIZY VILLACOUBLAY CEDEX France",fr.people.admin@3ds.com
Smart It Partner,Chotrana Parc Technologique El Ghazela  Ariana، Ariana 2088، TN,infos@smart-it-partner.com
Ecole de technologie supérieurs (ETS),"1100 R. Notre Dame O, Montréal, QC H3C 1K3, Canada",international@etsmtl.ca
Resorware Digitronik,Av la Liberté Dar Alouch Hammam El Guezaz Nabeul - Tunisia,resorwaredg@gmail.com
Keyrus Group,14 Rue Ahmed Rami Tunis 1002,yahya.mzoughi@keyrus.com
Kidzoolink,"Westerwelle Startup Haus coworking space, 71 Av. Jean jaurès, Tunis",said.mseddi@kidzoolink.com
Entreprise software,"Tunisie, Sfax Route Lafrane ,Mahsouna Bloc C 3eme etage",contact@inel-security.com
Université de Moncton,"8 Av Antonine-Maillet, Moncton, NB E1A 3E9",info@umoncton.ca
APEX conseil,"Centre urbain nord - Immeuble Cleopatre, 1003",amous.apex@gnet.tn
SIRYOS,"5éme étage, Immeuble New Tower, Rue Safia Chamia",contact@siryos.com
LS2N Laboratory,"LS2N - UMR6004, Faculté des Sciences et des Techniques, 2 rue de la Houssinière - Bât. 34,44322 Nantes Cedex 03",Maroua.nouiri@univ-nantes.fr
AYMAX,Immeuble Youssef Towers - Les berges du lac 2,contact-it@aymax.fr
ELYADATA,Rue ile Falika Immeuble HBG les berges du lac 2,contact@elyadata.com
PwC Technology Acceleration Center,"Immeuble The Screen, Cité des Pins, Zone Nord-Est, Les Berges Du Lac de Tunis, 1053 Tunis",fr_acceleration_center_communications_tn@pwc.com
Université du Québec en Abitibi-Témiscamingue,"445 Bd de l'Université, Rouyn-Noranda, QC J9X 5E4, Canada",registraire@uqat.ca
ToCodePro,Immeuble les Jardins Monastir,contact@tocodepro.com
Naxxum,"10, Avenue Erriel, Immeuble Royal Garden Les Berges du Lac 2- Tunis 1053",hkhenissi@naxxum.fr
Cognira,"Immeuble Premium B-04, Rue De L’euro, Les Berges Du Lac 1053 Tunis, Tunisia",careers-tunisia@cognira.com
TÉLUQ University,"455 Rue du Parvis, Québec, QC G1K 9H6, Canada",Wassim.Bouachir@teluq.ca
ACTIA Engineering Services,"1 Rue Newton,BP99 - 2088 ARIANA",contact@actia-engineering.tn
FEATWAY,"TOUR CB 21, 16 PLACE DE L IRIS, 92400 COURBEVOIE",contact@featway.fr
DATAHORIZON,"Résidence Ines, Bloc A, 8éme étage, Boulevard de la terre, Centre urbain nord",RH_TN@datahorizon.eu
DM NOVA,"SoftTech la pépinière, Sousse 4002",hr@dmnova.tech
Royal Military College of Canada,Canada,samar.garrab@rmc.ca
Meddevo,"‍dytab GmbH Zum Fellengarten 19 36166, Haunetal",contact@meddevo.com
Simon Fraser University,"8888 University Dr W, Burnaby, BC V5A 1S6, Canada",sfui@sfu.ca
Envite Consulting GmbH,"Schelmenwasenstr. 37, D-70567 Stuttgart, Germany",office@envite.de
Ticketchainer,Centre urbain nord,sami.bouden@ticketchainer.com
Scheidt & Bachmann Maghreb,"3 Bis Rue de la Teinturerie – Z.I. Sidi Rezig, 2033 Megrine – Ben Arous, Tunisia",Sidhom.Molka@scheidt-bachmann.de
Softifi,"Zarzis, Médenine",hr@softifi.com
Virtual Dev,"Immeuble Rubis ,les bergers du lac 2 ,Tunis",contact@virtualdev.tn
Smartup,"53, Rue des minéraux - La Charguia 1, Tunis, 2035, TN",commercial@smartup.tn
FIS,"Technopole El Gazala Route de Raoued Km 3.5-El Gazala 2088 Ariana - Tunisie-, Raoued, Ariana, 1002 Tunisie",ramla.bejaoui@fisglobal.com
Numeryx MEA,Immeuble loyd 10eme étage bloc 10c centre urbain nord,contact@numeryx.fr
L-mobile,Nabeul,hend.kharez@l-mobile.com
O3 Tools Software,"000, Ariana Center C 408, Ariana 2080",gws.sdridi@gmail.com
générale tunisien de l’informatique (GTI),centre urbain nord,azzouz.rahma@gtiinfo.com.tn
Focus Corporation,"Imm FOCUS, Rue, 1 Lac Malären, Tunis 1053",contact@focus-corporation.com
Dev-IT,Rue Rméda immeuble Yasmine Mahjoub Sousse,contact@dev-itgroup.com
Dedale Solutions,"Rue Lac Malaren , Immeuble Palais du golf bloc C 4eme étage Tunis",contact@minotore.com
Septeo Tunisie,"Septeo TN Lac d'Or, R7WM+875, Tunis",recrutement.septeotn@septeo.fr
Anavid services tunisie,sakiet Ezzit Rue Mongi Slim Immeuble le 24,rh@anavid.co
Numeryx Tunisie,IMMEUBLE LLOYD 10ÉME ÉTAGE Bloc C-10 Angle de Rue Ahmed Hamza CENTRE URBAIN NORD، 1003,jobs@numeryx.fr
InstaDeep SUARL,"Immeuble ICC3 bloc D 4ème étage. Centre Urbain، Nord, Tunis 1082",hello@instadeep.com
Siemens Industry Software (SARL),"Rue de la feuille d'érable, Immeuble Fahd, 5ème étage, les Berges du Lac 2, 1053 - Tunis",mohamed.benayed@siemens.com
Université du Québec à Chicoutimi,"555 Bd de l'Université, Chicoutimi, QC G7H 2B1, Canada",supportsti@uqac.ca
Value Digital Services,"60 avenue principale, lac 1",carrieres@value.com.tn
Siemens,"Rue de la feuille d'érable, Immeuble Fahd, 5ème étage, les Berges du Lac 2, 1053 - Tunis",contact.tn@siemens.com
TELNET INC,"25 rue Jamel eddine Elafghani Poudrière 1, Sfax",info_users@groupe-telnet.net
Save Your Wardrope,"Rue du lac biwa, 3éme étage bâtiment Expensya, lac 1 Tunis",khouloud@saveyourwardrobe.com
Siemens,"Rue de la feuille d'érable, Immeuble Fahd, 5ème étage, les Berges du Lac 2, 1053 - Tunis",alaeddine.lajili@siemens.com
Myga consulting,"13 Rue Tahar Memmi, Ariana 2091",contact@mygaconsulting.fr
Novacture Conseil,IMMEUBLE MONFIANE 2EME ETAGE BB10 CITE MILITAIRE SOUSSE 4000,amine.zemni@novacture.com
Responsible Cyber,"Singapore, 56A Boat Quay, 049845",info@responsible-cyber.com
TELNET INC,"Z.I Poudrière 1, Rue Jameleddine El-Afghani N° 3000 Sfax",info@groupe-telnet.net
Siemens EDA -Tunisia,"Rue de la feuille d'érable, Immeuble Fahd,  5ème étage, les Berges du Lac 2, 1053 - Tunis",mohamed.ouhibi@siemens.com
Mentor Graphics Tunisia SARL,"Building Fahd, la Feuille d’Erable street, 5th floor, Les Berges du Lac2, Tunis, Tunisia",asma.meftah@siemens.com
TELNET INC,"25 rue Jamel eddine Elafghani Poudrière 1, Sfax",Salma.Rjeb@groupe-telnet.net
Teligencia Labs,"Centre Urbain Nord – Immeuble Lilas, Tunis 1082",Hamza.benammar@teligencia.com
Université du Québec à Rimouski - Campus de Lévis,"Campus de Lévis 1595, boulevard Alphonse-Desjardins Lévis (Québec)  G6V 0A6 CANADA",campus_levis@uqar.ca
IT SERV,"5 impasse Chahrazed, El Menzah 4, 1004 Tunis",itserv@itserv.tn
Oniris,"L’École nationale vétérinaire, agroalimentaire et de l'alimentation de Nantes-Atlantique (Oniris), site de la Géraudière, Rue de la Géraudière, CS 82225 44322, NANTES CEDEX",contact@oniris-nantes.fr
Linedata,"Immeuble Cléopâtre Center, Zone Urbaine Nord, Tunis,1053",Khaoula.Gharbi@se.linedata.com
NXP,"45 All. des Ormes Bâtiment D, 06250 Mougins, France",leila.goulamaly@nxp.com
OAAS,Bizerte,hr@oaasit.com
Docaposte Tunisie,pôle technologique El Ghazela,siwar.thabet@docaposte.fr
oaasit,"Rue du theatre, 7000 Bizerte, TUNISIE",contact@oaasit.com
Talan Tunisie,"10 rue de l'énergie solaire, Impasse n°1 Cedex 2035, Charguia 1 Tunis",ons.mahsni@talan.com
Commissariat à l’énergie atomique et aux énergies alternatives-CEA,"Point Courrier 174 F-91191 Gif-sur-Yvette Cedex,ile de france , France",ewa.pichon@cea.fr
habemus! Solutions,Technopole de Sfax,hajer.jallouli@habemus.com
GetBrandee,"128, Rue de la Boétie, Paris, Paris 75008, FR",radouani@getbrandee.com
Inetum,"Immeuble Harbour, Avenue de la Bourse Lac 2 Tunis",jobs@inetum.com
Sofrecom Tunisie,"Immeuble Sterling Rue du Lac Biwa, les berges du LAC Tunis",contact.tunisie@sofrecom.com
Université Laval,"2325 Rue de l'Université, Québec, QC G1V 0A6, Canada",mohamed-aymen.saied@ift.ulaval.ca
SAMA PARTNERS Business Solutions,"Immeuble le Coral, B11-3  1082 Centre Urbain Nord - Tunis",echrak.dabbabi@samapartners.tn
Integration Objects,"Bloc A, City Lake Center, Av. Du Dollar, Tunis 1053",chnefzi@integrationobjects.com
"Efrei Research Lab,Paris Panthéon-Assas Université","30-32 Av. de la République, 94800 Villejuif, France",adlane.benchallal@efrei.fr
Integration Object,"Bloc A, City Lake Center, Av. Du Dollar, Tunis 1053",careers@integrationobjects.com
Linedata,"Immeuble Cléopâtre Center, Zone Urbaine Nord, Tunis, 1053",rania.benamar@se.linedata.com
Codingaholic,"3 rue mohamed bayrem 5, La marsa",contact@codingaholic.com.tn
INSPIRE IT ENGINEERING SOLUTIONS,"11 Rue ezzayatines, Teboulba, 5080",bt.mehdi@gmail.com
ENSI,Campus Universitaire de la Manouba - 2010 Tunisie,webmaster@ensi.rnu.tn
WEVIOO,Immeuble WEVIOO Technopark El Ghazela 2088 Tunis-، Ariana- Tunisie 2088,contact@wevioo.com
HEXASTACK,"B2-2 Maram Palace, Impasse Cherazad, Menzah 4, Tunis, 1082",contact@hexastack.com
TEAMWILL,"Rue du lac Léman, Immeuble « Omrane » Les Berges du lac, Tunis",sales-mea@teamwillgroup.com
Estarta Solutions,"Queen Rania Street ,Amman Jordan",Qbzwayeh@estarta.com
T-SEUS,Route lafrane km 6.5 Sfax,contact@t-seus.com
National Smart For Green Solutions and Applications,Centre d'innovation Ras Jebel,karim.fathallah@smartforgreen.com
national,rue54jlkjlkj,national.entre@gmail.com
TeamDev,"RH9R+WW2, Technopôle de Sousse, Route ceinture de Sahloul, Sousse, Tunisie",contact@teamdev.tn
Laboratoire LARA de l'ENSI,Ecole Nationale des Sciences de l'Informatique,direction.stages@ensi-uma.tn
NST Groupe,"13 avenue du general leclerc, 92340 bourg la reine , FRANCE",contact@nstgroupe.com
"Laboratoire LR-RISC,ENIT","Campus Universitaire Farhat HACHED EL MANAR BP 37, LE BELVEDERE 1002 TUNIS",contact@enit.utm.tn
Tech4IoT,"Technopark Elghazala Route Raoued km 3.5, Tunis, Ariana 2080, TN",tech4iot.sevices@gmail.com
TEKAB DEV,"Rue Hedi Nouira complex la Couronne 5éme étage B02، Tunisie, Sfax",contact@tekab.dev
IMBUS,technopole de Sousse,info@imbus.tn
Jolie Jaune,"Aventure Majida Boulila, Immeuble Taoufik 5éme étage Bureau 51 3027 - Sfax - Tunisie",hello@joliejaune.tn
Web6,Pépinière d'entreprises sfax,haythemsaa@gmail.com
Ministère de la justice français,"35 Rue de la gare, Paris 75019",amina.safi@justice.gouv.fr
ETC,"Mansoura, Kairouan",Karine@etcinfo.fr
Siège de la Société Tunisienne de Bank,"Rue Hedi Nouira, Tunis 1001",Stb@Stb.Com.Tn
intellitech,Tunis/sfax,info@intellitech.pro
Arab Financial Consultants,Carré de l’Or – Les Jardins du Lac2 1053 Les berges du Lac – Tunisie,afc@afc.fin.tn
Influence Consulting,Cyberpark Hammam Lif,arbl@influence-consulting.com
ReDCAD lab,"Route de la Soukra km 3.5 B.P. W 1173 Sfax, Sfax",info@redcad.ch
t-seus,"Sfax,Route Lafrane km 7",career@t-seus.com
Prologic,"2, Rue Apollo XI - 1082 Tunis - MAHRAJENE",prologic@prologic.com.tn
Influence Consulting,Cyberpark Hammam Lif,arbi@influence-consulting.com
Zeta-Box,"Avenue Hedi Nouira ,Emna City B-51 3027 Sfax",contact@zeta-box.com
FOOTALK,"103, Elmadina Eljadida Bousalem Jendouba",contact.footalk@gmail.com
SOFT-PRO,": RUE,MOH JAMOUSSI IMM AHLEM CENTER ETAGE N°1 App 15, SFAX 3000.",contact@softpro.com.tn
Alola,Rue de l'UMA Sokra,team@alola.fr
PLM Ressources SARL,"126, Rue Ibn Khldoun Bizerte, Tunisie",info@allplm.com
Infosquare Tunisie,"Imm  »le 24 », bureau 64, Avenue Mongi Slim, Route de Tunis Km 6, Sfax, Tunisie",contact@infosquaregroup.com
swift code,"Rue Moussa Ibn Nussaier, à côté de la mosquée Ladhar 2, Sfax, Tunisia",Swiftcode.contact@gmail.com
STARTEC,La Garenne Colombes France,startec.contact@gmail.com
TUNISIE TELECOM Direction Regionale de Sousse,Rue Avicenne 4000 Sousse,ween.tunisie@gmail.com
Institution de la Recherche et de l'Enseignement Supérieur Agricoles,"30, Rue Alain Savary 1002 Tunis Belvédère -TUNISIE",bo.iresa@iresa.agrinet.tn
st2i,"1,Avenue du Dollar ,Les jardins du Lac ,Lac 2",st2i@st2i.com.tn
Welyne,"Residence Leplace bloc a 4e etage Centre Urbain Nord ,Tunis",contact@welyne.com
Inoteqia Health Tech,"rue de sincérité, route de la marse GP9, ain zaghouen",info@inoteqia.com
Momentum technologies,"39 Rue Azzouz Rebaï, Tunis 2092",hend.trabelsi@momentum-tech.ca
Saphir Consult,Immeuble Saadi – Bloc C-D – 1er étage – Menzah 4,contact@saphirconsult.com
One TECH Techniplast Industry of One TECH Group,"Techniplast Industrie SA 7026 ELAZIB - Menzel Djemil - Km9 Bizerte – Tunisie, 7026، تونس · ~1.5 km",contact.tpi@onetech-group.com
iObeya Tunisia,"Rue Ghar El Melh Immeuble Arbia, 1053 Berges du Lac",rh.tn@iobeya.com
Tunisie Télécom tozeur,"Route NAFTA , Tozeur 2200",Tarek.touhami@tunisietelecom.tn
Insomea,Lac 2 résidence Lac D’or appart B31-B32,info@insomea.tn
Bright Soft Sarl,"Immeuble Ben Saida, Bureau 1 Avenue Hadi Chaker Makthar 6140 Siliana Tunisie",bright.soft.sarl@gmail.com
Clevory Training,"08 Rue des minéraux, Charguia 1",contact@clevory.com
Smart World IT SWIT,Immeuble La Perle 127 Avenue 20 Mars 1956,contact@swit.com.tn
Future proof,Espace d'entreprise technopole Sakiet ezzit Sfax,contact@futureproof.tn
BH bank,rue Hedi Nouira Tunis,contact@bhbank.tn
Sopal,"Sfax route de gabes km 1,5",Sopal@sopal.com
HELLO DATI,25 rue Maouia Ibn Abi Soufiane Street Cité el Khadhra 1002,eya.d@hellodati.com
BFI GROUPE,BFI-Lac 1,contact@bfigroupe.com
PicoSoft,04 Rue Andre Ampère Chotrana 2080 Ariana,fa@picosoft.biz
Smarteo,"Pépinière des entreprises ISET, Cité Riadh Sousse",contact@smarteo.tn
KE-Tunisia,Rue Du Lac Locheness Immeuble Elfodjr RDC 1053,hamdi.benabde@k-expert.com
Ouimind LABS,"Rue ahmed Aloulou, Immeuble Fairouze, Etage 5, Appartement 503, Sfax, TUNISIE",contact@ouimind.com
Centre informatique du ministère de la Santé (CIMS),"1 Rue Du Liberia, Jeanne d'Arc",cims@rns.tn
Lauterbach Consulting S.A.R.L,Route El Ain Km 3.5 TN-3042 Sfax Tunisia,nesrine.zouari@lauterbach.com
Pixemantic,"Cente d'innovation , Citè Ghazela",Contact@pixemantic.com
DidaMind,"Avenue des Martyrs Mourouj 3 2074 Ben Arous, Tunisie.",didaminds@gmail.com
Globe Services Informatique,3 septembre Rue Trabelsia 5000 Monastir,commercial@gsi.com.tn
université virtuelle de tunis,"13 Rue Ibn Nadim, 1073 Montplaisir, Tunis",oussama.limam@uvt.rn
Banque internationale arabe de Tunisie,"7, avenue de la liberté sfax",youssef.makni@biat.com.tn
Azur systemes,"26 Rue Ahmed Tlili Appt 56, Centre Zarrouk Center",sysinfo@azursys.com
Coachess,"Centre Urbain Nord, Immeuble Yasmine Tower, Bureau B.7.2 Tunis, Tunis 1082",contact@coachess.tn
ADDINN Tunisie,"Immeuble Akouri, 2ème étage, rue 2 Mars, 2200 Tozeur",baya.mouaddeb@addinn.com
Everience,Sana Business center-1002 Tunis belvédère,dpo@helpline.fr
sagemcom software and Technologies,"34 Avenue de Paris, Megrine 2033",Amal.bahri@sagemcom.com
ARMA S.A.R.L,"TEC CENTER , 40 Rue Jerissa ZI, MEGRINE BEN AROUS, TUNIS",entreprisecontact@arma-consulting.com
Devrecipe,"Route el Hemma, Tozeur",anas@devrecipe.tech
Institut des Régions Arides (IRA),route Djorf km 22.5,ira.med@ira.rnrt.tn
ODDO BHF,Immeuble Sandra Towers - Avenue du lac Nord-Cité Les Pins - Les Berges Du Lac 2 - Tunis,ghaya.ben-abdeljaoued@oddo-bhf.com
smart business solution,"urbain nord , centre cleopatre",commercial@smart-bs.com.tn
Simsoft Technologies,"5 Avenue Léopold Senghor Espace Ayechi, 4000 Sousse – Tunisie",commercial@simsoft.com.tn
Caisse Nationale de Sécurité Sociale (CNSS),12 Avenue de Madrid- 1006 Tunis,BR.TunisCentre@cnss.nat.tn
SMART ENGINEERING,"Technopole Borj CedriaRoute touristique, Sulayman",contact@smartengineeringaht.com
PROCAN,"Route L'AIN km 2.5, rue 480 3042 Sfax Tunisie",info@procan-group.com
Shamash Information Technology,"Centre Urbain Nord, Imm cercle des  bureaux, 3ème étage B323, Tunis, Tunisie",contact@shamash-it.com
ADDIXO ONE,Technopole Manouba,contact@addixo.com
CarHuB-TI SARL,"93 Avenue Habib Bourguiba Megrine, 2033 Tunisia",contact@carhub-ti.com
CRESUS SOLUTIONS,Av. 14 Janvier immeuble el Ain Palace,contact@cresus.pro
Mooprix,Charguia 1,Contact@Monoprix.Tn
DocStream Solutions,DocStream Solutions,contact@docstreamsolution.com
techinventors,av. perle du sahel khzema sousse TN,techinventorsgrp@gmail.com
Assurances BIAT,Immeuble Assurances BIAT - Av La Bourse - Les Jardins du Lac 1053 Les Berges du Lac - TUNIS,ag.lac2@assurancesbiat.com.tn
Yes Internet,"208, Avenue de la République, Hammamet 8050, Tunisie.",contact@yes-internet.com
Astrolab Agency,"Av Kairawen Sousse, 4000",hanen@astrolab-group.com
Office National de la Télédiffusion,Cité Ennassim 1 Montplaisir BP399 Tunis-Cedex-Tunisie,ont@telediffusion.net.tn
Move2cloud SAS,"Paris, Region - Ile de France",contact@move2cloud.fr
ARMA S.A.R.L,"TEC CENTER , 40 Rue Jerissa  ZI, MEGRINE  BEN AROUS, TUNIS",contact@arma-consulting.com
TEAMWILL,"Immeuble omran, Av lac leman lac1 tunis",aymen.ben-ammar@teamwillgroup.com
Acteol,Route lafrane km7 Sfax,info@acteol.com
ETIC Europe Development,"Route de Ouardanine SIDI AMEUR 5061, Monastir",m.ayoub@eticeurope.com
CSBS ACCOUNTING Sami Slama,Avenue Habib Bourguiba 8000 Nabeul,Cabinet.samislama@gmail.com
Cabinet de Réalisation des Audits et Etudes Energétiques (CRA2E),"Centre Molka, Escalier D, Bureau N°15, Tunis",cra2e@yahoo.fr
HOPE HORIZAN,"2 Rue des iles Baléares. Riadh AIAndalous, Arina.",youssef@hopehorizonworld.com
Tunisie Telecom Sidi Bouzid,Sidi Bouzid avenue habib bourguiba,Tahar.Sakli@tunisietelecom.tn
tunisie telecom direction régionale de Gabes,Rue bechir Jaziri 6001 Gabes,Mohamed.Mahroug@tunisietelecom.tn
wowsoft,"Cité abbas Cyberparc Tataouine 2eme etage, Tataouine, Tunisia",contact@wow-soft.com
Dotcom,"Avenue Du 2 Mars 1934, Nabeul, Tunisie",contact@dotcom.tn
PwC Tunisie,"Rue du Lac d'Annecy, Tunis",afef.khedhir@pwc.com
Zimys,"Avenue Liberté, Résid NAJLA Bureau 02 RDC, Boumhel El Bassatine  2097",contact@zimys.com
Atom engineering,"Sakiet Ezzit, Sfax, Tunisie",info@atom-group.fr
Komutel,Centre Urbain Nord,rhtunis@komutel.com
Hatlone Technologies,"2 Rue Marrakech, Bardo, Tunis",lahuij.louey95@gmail.com
Ip Label,"70 Avenue Mohamed V Avenue 1st floor, Belvédère Tunis Mohamed V، 1002",abenothman@ip-label.com
Sahar Heni,monastir,r.boussema@wg-consulting.fr
Satoripop,"Blvd Hassouna Ayachi, Sousse 4000, Tunisia",hello@storipop.com
Planet Group International,"Technopark Elgazala, bâtiment I2, 2ème étage, Ariana",fethi.amara@planetgroupint.com
Wind Consulting,"Rue chaanbi Rond point binrjab, Immeuble ben Nahia,Mahdia",direction@wind-consulting-tunisia.com
Udini,sfax,contact-sfax@udini.co
Tac-Tic,"Technopôle El Ghazela, Ariana",contact@tac-tic.net
MAMMUT WEB SOLUTIONS,Rue Ali Bourguiba Skanes-Monastir,mammouthcreative@gmail.com
Binacts,"Montplaisir, Immeuble Espace Tunis, Boc H, 5ème étage",formakt.bac@gmail.com
ITGUST,"10, rue Khartoum-Tunis",Cotact@itgust-group.com
Yperskills,Immeuble aoun 4ème étage - jawhara Sousse,Houssem@yperskills.com
SARTEX,km1 route de sousse ksar hellal,adm@sartex.com.tn
Novel-TI SARL,"4 Rue Ali Gouge, Gremda 3062, Sfax, Tunisie",contact@novelti.com.tn
Evey Technologies,Lac2,moatez.heni@evey.live
DRAXLMAIER,Rue 14 janvier Zaouiet Sousse,Mohamed.Turki@draexlmaier.com
OAK VISUALS,"Rue abdelatif ajmi, ksibet el mediouni , 5031 , monastir",contact@oak-visuals.com
Piva Software,Road Kaid Mhamed Km 4.5,sales@pivasoftware.com
Dr.Oetker Gias,Zone Industriel  Grombelia,infos@oetker-gias.tn
DRÄXLMAIER,Avenue 14 Janvier 2011 Zaouiet Sousse Sousse، 4081,mailPresse_Tn@draexlmaier.com
Piximind,"Rte Ain Km 1,5 Imm Ihsen, Appartement 401, Sfax , Tunisie 3042, TN",contact@piximind.com
DATAH INTL,Boulevard de la Terre - 1082 CUN Tunis,contact@datahorizon.eu
I-Way,"Centre de Services de Sfax Intelligence Way, Immueble El Khalifa, Avenue de la Liberté,Bloc B,A 201, 3000,Sfax,Tunisie",mohamed.guermazi@iway-tn.com
Tunsié Télecom Gafsa,Rue Farhat Hached 2100 Gafsa - GAFSA,stages@tunisietelecom.tn
ITGUST,"10, rue Khartoum, 2éme étage immeuble Khartoum, 1002-tunis",Contact@itgust-group.com
SAC Consulting,"bureau 7.02, Avenue de combattant suprême Immeuble Ghomrassi 7éme étage, Av. du combattant suprême, Monastir",direction@sac-consulting.com
VERMEG,"Rue de la Perle,Lac2,Tunis",info@vermeg.com
Advyteam Global services,"3 Rue Lac Léman, Immeuble Omrane, 3éme étage, Lac bergers du Lac",RH.tunisie@advyteam.com
Mp Soft (Manager Partner Software),"06, rue Lac Toba 1053 les berges du lac",contact@mpsoft.com
MpSoft (Manager Partner Softwer ),"06, Rue Lac Toba, 1053 Les berges du Lac",contact@mpsoft.com.tn
THIS(Heath Tech Innovation Systems),"Ensi Innovation Hub,campus universitaire de la Manouba",contact@heathtechinnovationsystems.com
la poste tunisienne bureau de poste 3070 kerkennah,Ramla kerkennah,imensouissi@tnPost.tn
Centre Régional des Recherches en Horticulture et Agriculture Biologique,"Route touristique, 4042 Chott Mariem - Sousse",braham.mohamed@gmail.com
THIS,"ENSI Innovation Hub, Campus universitaire de la Manouba,2010, Tunisie",contact@healthtechinnovationsystems.com
Monetics-services-solutions,"Immeuble le 45, Avenue du Japon, Bloc A, Bureau A40 Montplaisir Tunis 1073",Aymen.Moncer@mssolutions-group.com
Altran telnet corporation,Pole technologique el Ghazela,hatem.maalla@capgemini.com
Hayat Technology,"Route Soukra km 3, Sfax, TN",contact@hayat-tech.com
Comelit R&D Tunisie,Pole technopole ghazala,cred@comelit.it
UIB,"26 Rue de l'Egypte, Tunis",uibcontact@uib.com.tn
leetcorp,"Villa Bir Ftouha, Route de Carthage, La marsa 2070",contact@leectorp.com
Tunisie Télécom-direction régionale de Mahdia,Rue kortoba -Mahdia 5150,Contact@tunisietelecom.tn
YaiGlobal,"Pole technologique el Ghazella, Bloc E2, Raoued, BP 112 , Ariana",admin.tunisia@yaiglobal.com
Smart Conseil,"8 rue el Basra, cité el Ghazela, Ariana.",job2@smarte-conseil.fr
Proxym,"Novation City: Technopole de sousse Sousse, 4051",contact@proxym-group.com
ACTIA,"Parc Technologique de sfax, 2ième Etage 3021 Sfax (Tunisie Sfax, 3021",recrutement@actia-engineering.tn
MedicusClinic,"651N St Broad, suite 206 Middletown Delaware, CP19709, USA",laroussibenyounes@gmail.com
WithNet,"33 Rue des Salines, Appartement N°10, 1002 Tunis, Tunisie.",contact@withnet.tn
ESPRIT,el Ghazela,services.stage@esprit.tn
Marabout Technology,"19 Rue de la mécanique, ZI Charguia 1 2035 Tunis Carthage, Tunisia",info@maraboutcorp.com
Dataraise,"Regus - Tunis, Berges du Lac 2, Building ""SLIM"", 2nd Floor, Imm Selim, Rue de l'Euro, Tunis 1053, Tunisie",ftrabelsi@dataraise.com
Capegimini,"Parc Technologique El Ghazala Bloc N°3 Route de Raoued Km 3,5 Ariana, Tunisie, 2088",recrutementtunisie.tn@capgemini.com
ELCO Solutions,"Immeuble B, 5ème étage, AFH/BC5 Centre Urbain Nord 1003 Tunis Tunisia",contact@elco-solutions.de
Droppex,"Cité Taamir, Route Msaken Sousse",allteam@droppex.com
ATS DIGITAL DEV,"Immeuble Zahra, Bloc A, Appart 1, 1er étage • Passage du lac Turkana 1053 • Les Berges du Lac , Tunis, Tunis 1053, Tunisie",recrutement@ats-digital.com
ST Microelectronics,Technopole el Ghazala Ariana,st@newsletter.st.com
Vastsky123,Avenue Hbib Bourguiba Korba 8070,contactstage@vastsky123.tn
CAPIT,"71 av jean jurés, Tunis",contact@capit.agency
société EL Kanaouet,20 Rue Ahmed Rami Immeuble Essalem Cité les jardins 1002 Tunis Belvédère,siege@elkanaouet.com
Whitecape Technologies,Avenue de la République Akouda Sousse 4022,info@whitecapetech.com
KEYSTONE,"3 Rue de Riadh, Mutuelleville, Tunis",contact@keystone.tn
Désignet web agency,Rue de la révolution menzel temime 8080,Contact@designet-tn.com
Sqoin,"04 rue Taher Mami, Manzah 6 Ariana",admin@sqoin.us
All Soft Multimédia,"Avenue de la libérté, Immeuble el Itkan 3éme étage , Sfax",contact@asm.com.tn
Ip Label,"70 Avenue Mohamed V, 1er étage,  1002 Tunis Belvédère",info@ip-label.com
General Computers,Rue Alexsander Sfax,abdelhedigc@yahoo.fr
Tunisie Telecom Nabeul,Rue de la révolution 8000 Nabeul,Ahlem.ISSA@tunisietelecom.tn
Coworky,"Av. Arbi Zarouk 8000 ,Nabeul",hello@coworky.org
SIDILEC INTERNATIONAL,Route de Mahdia kilomètre 10,mchallouf@sidilec.com.tn
Laboratoire de recherche LARIA,Ecole Nationale de Sciences Informatique,mouna.mnif@ensi-uma.tn
Agence Nationale de Certification électronique,"Parc Technologique El Ghazala – Route de Raoued Km 3,5 – 2088 Ariana",ance@certification.tn
Tunisie Telecom,Actel El Bosten,sfaxtelecomservice@gnet.tn
DOT-IT,pépinière des entreprises Softech - technopole de souuse,contact@dotit-corp.com
Tunisia Fleet Management (Groupe Ben Jemaa),19 Rue de l'Usine - Z.I. Ariana Aéroport 1080 Tunis Cedex B.P.291,jihene.aziza@tfm.com.tn
ALGOCOD,"Cyber Park Avenue Charles de Gaulle 4011 Hammam Sousse , Sousse",contact@algocod.com
BUSINESS AND AI,"Bureau N°402 Megrine Business Center Route Z4, Z.I Saint-Gobain 2014 Megrine Ben Arous",internships@business-and-ai.com
CGI Studio,1 moussa ben nousair - Manzel Temime,cgistudio.contact@gmail.com
OffensyLab,"Smart Tunisian Technopark, El Ghazela, 2038 - Tunis",Contact@defensy.io
HRMAPS,"Immeuble City Center Tour Bureaux, B07-E3 3ème étage, Tunis 1080",contact@hrmaps.eu.com
Centre National de l'informatique,"17 rue belhassen ben chaaben , el omrane",webcni@cni.tn
Manufacture Electro-Technique  de sousse (METS),sidi abdelhmid sousse,ahmed.asma@draexlmaier.de
Advanced Derivative Solutions,Centre Urbain Nord,rh@aderivatives.com
SMDI,"Route gremda km 1.5, Sfax",contact@smdi.tn
MAKLADA SA,ZI ELJEM,makladausine@maklada.com
Ooredoo Tunisie,"Imm. Zenith Les Jardins du Lac 1053, Les Berges du Lac Tunis Tunisie",mariem.cherif@ooredoo.tn
SIMAC,"124, rue Radhia Hadded-1000 Tunis",contact@simac.tn
ste visioad,avenue taieb Mhiri sousse,info@visioad.com
"Efrei Research Lab, Paris Panthéon-Assas Université","30-32 avenue de la République, 94 800 Villejuif (Mode de travail - Télétravail)",Ahmed.jouini@efrei.fr
Ernst & Young,"EY TOWER, Avenue Fadhel ben achour centre urbain nord 1003,Tunis",Tunisoffice@tn.ey.com
Amen Bank,"Ave Mohamed V, Tunis 1002",amenbank@amenbank.com.tn
Fysali SAS,70 rue du Docteur Yersin Bio-Incubateur,omar@fysali.com
FoodoMarket,route gabes km 2,rh@foodomarket.com
"Centre Nationale de l'informatique ,Menzel Jemil","Rimel 7080 Menzel Jemil, Bizerte",welyagoubi@cni.tn
Elyos Digital Tunisie,Rue Mohamed Shim Rbat monastir,contact@elyosdigital.com
LEONI Manzel Hayet,Manzel Hayet -Monastir,stage.leoni.tunisie@leoni.com
STMicroelectronics,"PB 21 Technopark EL GHAZELLA, Ariana",NA@NA.com
Ecole Nationale d'Ingénieurs de Tunis (ENIT),"ENIT - BP 37, 1002 Tunis Le Belvédère, Tunisie",yasser.gritli@enit.utm.tn
Bee coders,Technopole ghazela ariana,Admin@beecoders.tn
Centre de Recherche en Numérique de Sfax,"Technopark of Sfax, B.P. 275 , Sakiet Ezzit, 3021 Sfax, Tunisia",contact@crns.rnrt.tn
SANCELLA,Avenue 18 Janvier - Ksibet el mediouni,mohamed.chebil@sancella.com.tn
TUNISIE TELECOM GABES,Rue Bachir Eljaziri 6001 - Gabés,Ismail.Kthir@tunisietelecom.tn
Openbee,2éme étage immeuble carrefour kharouba hammamet 8000,Info@openbee.com
coaching academy,"Résidence prestige BM3, 90, 1 Av. Hédi Nouira, Ariana 2001",Coachingacademy6@gmail.com
JAWAKER,", Sweifieh Amman Jordan",marketing@jawaker.com
ADERFIA INC,"Cyber parc kairouan, M34M+JQ2, Kairouan, Kairouan, Tunisia",aderfia.inc@gmail.com
OmegUp,Cyber parc zarzis,contact@omegup.tn
Olab Dynamics,"7 Rue Aline Jacquier Savigny-le-temple, France",Olab.Dynamics@gmail.com
Anypli,"Rue Ibn El Jazzar, Skanes, 5000 Monastir,",contact@anypli.com
clinisys,"Route Manzel chaker km 4, Sfax,Tunisie",soft@csys.com.tn
Laboratoire Mécanique de Sousse,"Pôle technologique de Sousse, Route de Ceinture Sahloul, Sousse 4054",sami.bennour@eniso.u-sousse.tn
Quetratech,Bureau B10 pépiniére d'entreprises Mahdia entreprendre 5100 mahdia,contact@quetratech.com
Sancella,Avenue 18 janvier ksibet el mediouni monastir,houssem.boutara@sancella.com.tn
société tunisienne d'assurances et de réassurances,Square avenue de Paris 1080 - Tunis,contact@star.com.tn
Whitecape Technoloies,Avenue de la république Akouda 4022 Sousse,raja.belhouch@whitecapetech.com
Expert Informatique,"Rue Farid Ghazi Houmt souk 4180 Djerba - MEDENINE, Médenine",belhajwael@gmail.com
Cosider canalisation pôle H31,Route de Mahelma SIDI ABDALLAH_ Alger_ Algérie,cosider.canalisations.h31@gmail.com
OPUS LAB,"Rue Abou baker el bakri, Immeuble Luxor 1, B3.2 3ème étage 1002, Monplaisir",labopus.info@gmail.com
Allence tunisie,residence Babel Montplaisir bloc A-1eretage,hajer.ayari@allencetunisie.com
Leader solution tactile,Avenue hbib bourguiba-Golaa 4234,iyed.chafroud@aureskonnect.com
Screenflex,Cercle des bureau - Bloc B - Bureau N: B112 - Centre Urbain Nord - Tunis,contact@screenflex.pro
Kleos,Djerba houmt-souk,sales@kleos.tn
IOIT,IMM-haj yahya KM2 route de Gabès 4100 Médenine,contact@ioit.tn
Groupe ELAN,"CHEMIN DU FORON, 16 1226 THONEX  CANTON DE GENEVE, SUISSE",contact@groupelan.com
Centre de Developpement des Logiciels et de Formation Continue,Av. Habib Bourguiba résidence elawar N 6 1200 kasserine,cdfdhajali@gmail.com.com
Ixias  (BE 0767.498.939),Avenue des lilas 28 1070 Bruxelles Belgique,akrem.ayadi@ixias.be
Omnidata,"74 Bd Abdelmoumen, Casablanca 20100",contact@medtech.ma
telecom,Rue André Ampére cité Administrative 2080 Ariana,aliazerai@gmail.com
Expensya Tunisie,Rue lac Biwa - Les berges du lac 1053 Tunis,hello@expensya.com
Arab Tunisian Bank,9 Rue Hedi Nouira-,contact@atb.com.tn
Peak Technologies SARL,5ème étage Imm. Nabil 4000 Sousse,Info@peak-cc.com
Jérémy Panouillot,39230 Champrougier France / Skanes Monastir,alpha.green.textile@gmail.com
telecom,tunis,loduviv.compere@neofacto.com
SNCF RESEAU,6  Av François Mitterrand  93574 LA PLAINE ST DENIS CEDEX,alexandra.grandvalet@reseau.sncf.fr
ESIGELEC,ESIGELEC  Technopole du Madrillet  Avenue Galilée – 76800 Saint Etienne du Rouvray,adnane.cabani@esigelec.fr
AMZi Smart Solutions,"Centre Chalekh, 2eme étage, app, El-Mourouj 4, Ben Arous 2074",dr.rouissi@amzi-ss.com
Axe Finance,"La Couverture Building, 3rd Floor, Lac Huron street, Les Berges du Lac, Tunis, Tunis TN-1053, TN",info@axefinance.com
Talan Tunisie,"10 Rue de l'énergie solaire Impasse N°1 Charguia 1, Tunis 2035",jobs.tunisia@talan.com
INHANCE,Av Moez Ibn Badis Résidence Salma Villa 13 Borj louzir Ariana 2036,inhance.commerciale@outlook.com
IODEV,"Immeuble Le 24, Rue Mongi Slim, Sakkiet Ezzit, Sfax 3021, Tunisie",mohamed.kallel@iovision.io
Oddo-bhf Tunis,"Immeuble Sandra Towers, avenue du lac Nord, 1053, les berges du lac, tunisie",faten.fliss@oddo-bhf.com
Smart It Partner,"Chotrana Parc Technologique El Ghazela, Ariana,",ma.mezghich@smart-it-partner.com
Vneuron,4 Rue de l'artisanat - Charguia II - Tunis,rh@vneuron.com
CEDE Labs,"229 rue Saint-Honoré, 75001, France",gabriel.begazo@cedelabs.io
ALTERSIS Performance,Bureau A1-3 GOLDEN TOWERS Centre Urbain Nord - 1080 Tunis – Tunisie,contact@altersis.com
Mentor Graphics - Siemens Business,"Immeuble Fahd, Rue de la feuille d'érable, 5éme étage, les Berges du Lac 2, 1053 - Tunis, Tunisie",hr_egc@mentor.com
hadooc,"131 Av. La liberté, Tunis, Tunis 1002",contact@hadooc.com
"Laboratoire STILL, Ecole de technologie supérieurs (ETS)","1100 rue Notre-Dame Ouest, Montreal, Quebec H3C 1K3, Canada",ali.ouni@estmtl.ca
Alta Via Consulting GmbH,"Kemperplatz 1, 10785 Berlin",info@altavia.de
Startup Factory,Rte Ain KM 1 3003 Sfax,contact@startupfactory.tn
Sagemcom software and Technologies,"24,rue omar el khayem.zonde d'activité kheireddine 2060 -La goulette - tunis",Contact@sagemcom.com
Talan Tunisie Consulting,"10 rue d'Energie Solaire Impasse 1, 2035 Charguia 1",Behjet.boussofara@talan.com
Université Laval,"1050, avenue de la Médecine, Québec (Québec) Canada, G1V0A6",info@ulaval.ca
Oakland University,"318 Meadow Brook Rd, Rochester, MI 48309, United States",kessentini@oakland.edu
M&C IT Consulting,"Tunimara, Rue du Lac de Constance, Tunis 1053",contact@mnc.aero
PwC,"Rue du Lac d'Annecy, Tunis",fatma.khelifi@pwc.com
One TECH Business Solutions a company of One TECH Group,"16 Rue des Entrepreneurs,  Zone Industrielle Charguia 2, 2035 Tunis,TUNISIA",contact.otbs@onetech-group.com
ENSTA Bretagne,"ENSTA Bretagne, 2 rue François Verny, 29806 BREST Cedex 9",jean-pierre.baudu@ensta-bretagne.fr
EURA NOVA,"Zone d'activités Kheireddine Rue Socrate, 6 Les Berges du Lac 3, Tunis 2015",admin@euranova.tn
Siemens - Mentor Graphics Tunisia,"Rue de la  Feuille d’Erable, Lac 2 Tunis.",zied.marrakchi@siemens.com
Université TÉLUQ,"455 rue du Parvis Québec, QC G1K 9H6, Canada",info@teluq.ca
L’Université du Québec en Abitibi-Témiscamingue,"445 Bd de l'Université, Rouyn-Noranda, QC J9X 5E4, CANADA",chahid.ahabchane@uqat.ca
Finlogik Tunisie,"Route Teniour km 2,5 Sfax",recrutementunisie@finlogik.com
Université du Québec à Rimouski,"300, allée des Ursulines, C.P. 3300, succ. A, 300 All. des Ursulines, Rimouski, QC G5L 3A1, Canada",uqar@uqar.qc.ca
wynsys,"Bloc B12, Elgazela Technopark - 2088 Ariana – Tunisie",contactus@wynsys.com
ACTIA Engineering Services,"Technopôle El Ghazala - 1, BP99 rue Newton, Ariana 2088",imene.mehri@actia-engineering.tn
Go Partner TN,"18 Ave Habib Bourguiba, Manouba 2010 Tunisie",smaalaoui@gopartner.fr
Wg Consulting,Teboulba-5080,info@wg-consulting.fr
Cognira,"Immeuble Premium B-04  Rue De L’euro Les Berges Du Lac 1053 Tunis, Tunisia",asma.benfredj@cognira.com
Standard Sharing Software (3S),"Immeuble 3S, Lotissement Ennassim Montplaisir, Tunis 1073",RH@3s.com.tn
Université de Sherbrooke,"150 Pl. Charles-Le Moyne, Longueuil, QC J4K 0A8, Canada",campus.longueuil@USherbrooke.ca
FNZ group,"FNZ group TUNISIA SARL 49 rue l'industrie - STECOM building, 2nd floor - Charguia1 Cite El Khadra - 2035 Tunis - Tunisia",StagesPFE-tn@newaccess.ch
IOT Lab at Carleton University,"2455 MACKENZIE CARLETON UNIVERSITY 1125 COLONEL BY DRIVE OTTAWA, ON, K1S 5B6",CARLETONIOTLAB@GMAIL.COM
Billcom Consulting,"Rue zitouna khezama ,Sousse",contact@billcom-consulting.com
Continuous Net,"RHMV+WFM, Sousse",stage@continuousnet.com
GeWinner,"Business incubator, Elgazala Technopark, Raoued, 2088 Ariana, Tunisia",gewinner.contact@gmail.com
Novobit Group GmbH,"Theodor-Heuss-Straße 2, 38122 Braunschweig, Germany",MAIL@NOVOBIT.EU
Télécom SudParis,CEA Saclay - Nano Innov PC 176 - Bât 861 91191 Gif sur Yvette Cedex France,communication@telecom-sudparis.eu
"Télécom SudParis (Évry/Palaiseau, France), SAMOVAR Lab",9 rue Charles Fourier -91011 EVERY Cedex - France,Denis.Conan@telecom-sudparis.eu
Sagemcom Software & Technologies,34 Avenue de Paris – Megrine,mariem.jomni@sagemcom.com
CED Tunisia,"49 Rue de l'énergie solaire , Charguia1, 2035 Tunis , TN",chayma.nawali@ced.group
WSK Medical,"Science Park 608 unit K09, 1098 XH Amsterdam",marius.wellenstein@wskmedical.org
DECADE,"Immeuble Salma Centre, 6ème étage Avenue du combattant suprême, Monastir, 5000, Monastir, Tunisie.",khamkham.h@decade.fr
PIGE INU LTD,20-22 WENLOCK ROAD LONDON N1 7GU,support@pigeinu.info
ESS-Mondial GmbH,Finkenkoppel 37 | 21465 Reinbek,m.benkhemis@ess-mondial.com
Infor Tunisia,"1053 Rue du Lac Tibériade, Tunis",Wahb.Essid@infor.com
Infor,"1053 Rue du Lac Tibériade, Tunis",dl-pdx-careers-tunisia@infor.com
Ontario Tech University,"2000 Simcoe St N, Oshawa, ON L1G 0C5, Canada",visitingscholars@ontariotechu.ca
société DECADE Tunisie,siège: Immeuble SALMA Centre Avenue du combattant suprême- Monastir,administratif@decade.fr
Université de Chicoutimi,"Université du Québec à Chicoutimi 555 Bd de l'Université, Chicoutimi, QC G7H 2B1",Fehmi.jaafar@uqac.ca
Teligencia,"37 Rue Asdrubal, Tunis, 1002, TN",info@teligenica.com
Hochschule Offenburg,Badstraße 24 | D-77652 Offenburg,info@hs-offenburg.de
SOCIETE GENERALE,189 rue d'Aubervilliers 75886 Paris Cedex 18,adm.stages@socgen.com
Sofiatech,Pôle El Ghazala des technologies de la communication B21,contact@sofia-technologies.net
Quantylix,"Zone industrielle Lac3 ,el Kram",contact@quantylix.com
KPMG TECH,"11 Rue Ibn Al Nafis, building, Les berges du lac 3, Tunis 2089, TN",mznati@kpmg.com
SOFRECOM TUNISIE,"IMMEUBLE STERLING, RUE DU LAC BIWA, LES BERGES DU LAC 01-1053 TUNIS, TUNIS, 1053, TN.",sameh.bejaoui@sofrecom.com
MASS Analytics,"Les berges du Lac2, Avenue de l'Euro , Immeuble City Lake Center_Bloc D -1053 Tunisie",info@mass-analytics.com
CODOC,16 rue du caire 75002 paris,arthur@codoc.co
Université Polytechnique Montréal,"2500 Chem de Polytechnique, Montréal QC H3T 1J4 , Canada",yuvin.chinniah@polytml.ca
Université Laval unité de recherche CIRRELT,2325 rue de la terrase Québec G1V0A6 QC Canada,jacques.renaud@fsa.ulaval.ca
Université du Québec à Trois‐Rivières,"3351, boulevard des Forges Trois‐Rivières, C.P. 500, Québec (Canada) G9A 5H7",bir@uqtr.ca
SOWISO BV,"Science Park 301,1098 XH, Amsterdam",max@sowiso.com
neusta inspire GmbH,Konsul-Smidt-Straße 24 28217 Bremen,info@neusta.de
Assist you group bv,stationsplein 45 A4.004 3031 ak rotterdam,bram@assistyou.ai
KSHUTTLE,3 Rue jules guesde - 92300 levallois perret,contact@kshuttle.io
vsx,sdvbds,annonces@ensi-uma.tn
Cognira,"Immeuble Premium B-04  Rue De L’euro Les Berges Du Lac 1053 Tunis, Tunisia",info@cognira.com
NETWORK ASSOCIATES,"Rue Lac Constance , Berges du Lac",contact@na.com.tn
3IA Technology,Ezzahra,info@3ia-technology.com
MEGASOFT,"Immeuble Essarrafa, Moknin, Tunisia",contact@megasoft-online.com
Mosofty,"37 avenue de colmar, 92500 Reuil Malmaison, France",contact@mosofty.com
Innovant Studio,"Technopark Elghazela B11, Ariana, Tunisia",careers@innovant.studio
B2M,7 allée abou al atahia 1082 mutuelleville,Baligh.hamdi@b2m-it.com
Neocortex Technologies,"Lac 2 , Imm Vital Cube",amine@neocortex-consulting.com
Next Gen Solution,Avenu Habib Bourguiba A-1-1  2080 centre d'affaire Carthage Ariana,contact@ngs.tn
Machinestalk,Centre Urbain nord Loyd 9eme etage,mayssa.boubahri@machinestalk.com
Brandee R&D,"Imm LIDO, app N°21 Bizerte 7000, Binzart",acallarec@getbrandee.com
MS Solutions,"A40-A41, Imm le 45 , Avenue du japon , Montplaisir",contact@mssolutions.tn
Go Partner TN,"18, Deuxième étage Boulevard Habib Bourguiba, 2010 Manouba – Tunisie",contact@gopartner.fr
BUSINESS & AI,Megrine Business Center.,contact@business-and-ai.com
Laboratoire de recherche RIADI,"École Nationale des Sciences de l'Informatique (ENSI)  Campus Universitaire de la Manouba, 2010 Manouba, Tunisie",sihem.bensassi@gmail.com
ACCÈS LEADER GROUPE,"VH4W+VHM, Hammam Sousse",tn@accessleader.com
TakiAcademy,"Rue du Maghreb Arabe, khezma-Sousse 4071",contact@takiacademy.com
International Information Developments,"43 Av. Kheireddine Pacha, Montplaisir - Tunis",zbaliha@e-i.com
Orange Tunisie,"Siège social : Immeuble Orange, avenue du Cheikh Mohamed Fadhel Ben Achour, Centre Urbain Nord, 1003 Tunis",moumelli@naxxum.fr
Accent,Pole Technologique de Mannouba,contact@accent.tn
Infraplus,"avenue de medine el mourouj,Ben arous",contact@infraplus.net
Spectrum Groupe,"Zone d’activité Kheireddine. La Goulette, Tunisie",sofien.chaabouni@spectrumgroupe.fr
Meta,"1 Rathbone Square, London",iheb@fb.com
Corilus,"immeuble zahra, rue du lac Turkana, les berges du lac",info.medical@corilus.be
Forvia Informatique Tunisie,"Centre Urbain Nord, Imm Cercle des bureaux, 7ème étage B7, Ariana Ville, Ariana, 2088 Tunisie",afifa.manai@forvia.com
Tunisair,Boulevard Mohamed Bouazizi . Charguia 2035,brc@tunisair.com.tn
Inetum Tunisie,"Immeuble Horizon, Avenue De La Bourse، Tunis 1053",info@inetum.world
Udini,"DeepSmile Lab, Technopôle de Sfax",houda.chaabouni@deepsmile.com
Tunisie Technologies,Sousse Sahloul,contact@tuni-tech.com
Linedata,Centre Urbain Nord 1082 TUNIS,Sinda.Krifa@se.linedata.com
sopra banking,"Immeuble Les Pins Bloc B, Cité les Pins Lotissement Zone VI, Lac 2 1053 Les Berges du lac",contact-corp@soprasteria.com
Lemniscus,"3, Rue du 13 Aout – La Marsa 2078",Sana.ksouri@gmail.com
Axefinance,"Rue lac Huron, Immeuble la couverture, 1053, lac1",Hr@axefinance.com
ZNet-IT,"Route de Tunis km 10 cités El Ons Pépinière d’entreprises Sfax Innovation 3 3021 Sakiet Ezzit . Sfax, Tunisie",contact@znetit.com
MyWeb,Z-I-Chotrana,contact@myweb-dev.site
Hydatis,"Immeuble Golden Tower, Bloc B Centre urbain Nord , Tunis 1083 Tunisie",contact@hydatis.com
Tessan,"17, Rue Ahmed Rami, City des Jardins, Tunis 1002, TN",rafik.dahmen@tessan-technology.com
Sagemcom Software and Technologies,34 Avenue Paris Megrine 2033,hanen.rouahi@sagemcom.com
Spark-it,"Route Gremda km 4, Bouzayen, Sfax",fsallem@spark-it.fr
IID - International Information Developments,"43 Av. Kheireddine Pacha, Tunis",hamza.zbali@e-i.com
Tech1,RESIDENCE DAR EL KHIR Cité Les pins 1053 LAC 2 Tunis,amira.kaabi@tech1.tn
REGIM-LAB,"ENIS, Route de Soukra Km 4, BP 1173, Sfax.",adel.alimi@regim.usf.tn
ABSHORE,"Rue Du Lac Lechness, Immeuble NEO 2ème étage 1053, Les Berges Du Lac Tunis, Tunisie",contact@abshore.com
PixiMind,"Rte El Ain Km 1.5 Imm Alihsen APP.2.2, Sfax  Tunisie",administration@piximind.com
M-TECH,15 Route des gardes 92190 MEUDON,mehdi.bensabbah@web-m-tech.fr
intellitech,Sfax Route tunis km6 Sakkiet ezzit,info@bird-notes.com
Info'Lib,10 street Mahmoud khachlef sousse corniche 4059,contact@infolib.tn
DRÄXLMAIER,"Zone Industrielle Route Bir Ettayeb KM2, 5020 Jemmal, Monastir",Slim.Bacha@draexlmaier.com
SiFast,"42 rue meteor route el Ain klm1, sfax",contact@sifast.com
Axe finance,"3éme étage, Immeuble La Couverture, Rue du Lac Huron, Tunis 1053",marketing@axefinance.com
SFM technologies,"81 Av. Hédi Chaker, Tunis 1002",info@sfmtelecom.com
AREV,technopole manouba 2010,support@makhbazti.com
Get Wireless,"Immeuble ZARRAD, rue ALFRED NOBEL, Bloc A, Bureau AM3, zone d’activité Khaireddine, lac 3",contact@getwireless.com.tn
Talan Tunisie Consulting,"10 rue de l'energie solaire impasse 1,charguia1",imen.ayari@talan.com
BNA,Rue Hedi Nouira Tunis,hatem.kriaa@bna.tn
Fourity,"Narodnog fronta 21c, Novi Sad 21000",office@fourity.com
Madar Consulting,"B3-2 Immeuble Ines ,centre urban nord  ,1802, Tunis",Zboufaden@madarconsulting.com
cognira,"Immeuble Premium , Avenue de l'Euro, Les Berges du Lac 2",saida.youssef@cognira.com
We Settle,2 Rue Ahmed Tijeni Cité Najet Oued Elil Manouba,contact@we-settle.com
PPR Technologies inc.,1120 rue Hélène-Boullé Boucherville (Québec) J4B2A7 Canada,abid.mariem@gmail.com
Orthlane,immeuble Ribat El Medina Sfax,ali@orthlane.com
Banque Internationale Arabe De Tunisie,Angle rue de grece et rue de yougoslavie. 1000,tre@biat.com.tn
Elite2com,"Avenue Hedi Nouira, Immeuble Aicha, Nabeul 8000",contact@elite2com.com
Laboratoire COSIM,"Route de Raoued 3,5 Km  - 2083, Ariana Tunisie",contact@supcom.tn
BIAT Tunisie,70-72 Av Habib Bourghiba,Neira.moalla@biat.com.tn
L'Institut National de la Statistique,70 Rue el Cham belvedere Tunis,ins@ins.tn
Université Paris-Est Créteil (UPEC),"122 rue Paul Armangot, 94400 Vitry sur Seine",yacine.amirat@u-pec.fr
Biware Solutions,"2éme étage Bloc A de la Résidence Farah, Rue du Lac Huron, 1053 Les berges du Lac, Tunis - Tunisie",contact@biware-consulting.com
Deep Learn Strategies Limited,"Ground Floor, 2 Woodberry Grove, London, England, N12 0DR",info@dls.ltd
Informatech,Avenue Habib Bourguiba Teboulba -Monastir,contact@informatech.com.tn
IODEV,"B54 Immeuble le 24 Rue Mongi Slim, Sakiet Ezzit,Sfax-Tunisie",contact@iovision.io
primatec engineering,sakiet zit sfax,personal@primatec.tn
WeDo Consult,"Avenue Habib Bourguiba, centre Hermès B44, Grombalia",sami.garradhi@wedo-consult.com
Capgemini Engineering,"Parc Technologique El Ghazala Bloc N°3 Route de Raoued Km 3,5 Ariana, Tunisie, 2088",mohamedamine.babay@altran.com
Com and Dev,Sahloul Sousse,contact@com-and-dev.com
ProgressSoft Corporation,"51 Saad Bin Abi Waqqas St، Amman, Jordan",marketing@progressoft.com
Groupe chimique tunisien,Gabes,Bedoui.Mouafak@gct.com.tn
Enova Robotics,Novation City - Technopôle de Sousse,contact@enovarobotics.com
Z-Consulting,"Route de gremda ,sfax",sahnoun@zconsulting.fr
Sama Consulting,"Villa 24, Cité EL BAHRI – Ezzahra",Contact@sama-consulting.com
Coconsult,Sfax,contact@coconsult.fr
Glinse,sfax,example@glinse.com
Glinse,Sfax,contact@glinse.com