Nom de société ,Adresse Téléphone ,Fax E -mail 
35Spring Services &Solutions ,MZL Abderrahmen Bizerte,contact@35-spring.tn
ACTIA ,Technopole el Ghazella rue Newton,nourreddine.benothmen@actia-enginearing.tn
Advanced Derivative Solutions ,"7eme etage ennour building ,Tunis ",molka_ghanmie@aderivative.com
Agence Tunisienne d'internet ,Mutuelle Ville 1002Tunis,com@ati.tn
Al Diagnosis Vision ,"17lathikiya Street ,Nabeul ",info@aidgvision.com
Amazi Smart Solutions ,"centre chalekh Mourouj 4,2emeétageBureau 4",ziedroussi@hotmail.fr
Amzi Smart Solutions ,"centre chalekh Mourouj 4,2emeétageBureau 4",rouiss_zied@gmail.com
Aqua Development LTD ,"368 Olympic Roa ,Songpa Gu ,South Korea 8",obenabbes@aqua-developement.com
Arab Soft ,Rue 8368-Bloc A -Espace el Aziz -Lot Ennassim ,arabsoft@arabsoft.com.tn 
Arab Tunisian Bank ,"Rue Hedi Nouira ,Tunis ",badreddine.dhaaou@atb.com.tn
Association Jeunes Science ,"AV Habib Bourguiba ,ELALIA ",iskanderabsi@gmail.com
Autoprix Cars ,"Rue de la Turquie Imm Moussa ,Sousse ",bensassi.mohamedamine@gmail.com
Axe Finance ,"3émeétageImmeuble La Couverture ,Rue du Lac ",rh@axefinance.com 
B2M ,"Imp .Abou Al Atahia ,Tunis ",info@b2m-it.com
Band Smile ,Les berges du lac Tunis ,rh@basmiletech.com
Banque Internationale Arabe  De Tunisie ,"70-72Av Habib Bourghiba ,TUNIS ",neira.moalla@biat.com.tn 
Banque zitouna Siège ,"2.Boulevard Qualité de la vie ,Kram ",Anis.Berraies@banquezitouna.com 
Bee Coder ,El ghazela Ariana ,rh@beecoder.tn
Belive Technology ,La Marsa ,farouk.karoui@belive.tn
BFI Group ,"Rue du lac Ghar elMelh ,les berges du lac 1053Tunis",dtebai@bfigroupe.com
BH Bank ,18Avenue Mohamed V Tunis,contact@bhbank.tn
BIGAPPS ,112AV du generalde caulle 93110Rosny -sous -Bois ,contact@bigapps.fr
BNS Engineering ,Pole Technologies de la Manouba ,jamel.elkamel@bns.tn
Caprice Travel and Events ,Address Immeuble Horizon Bloc 7Les Berges du Lac ,capricetravelevents@gmail.com
Centre National d'Informatique ,"17,1005Ave Belhassen Ben Chaabane ,Tunis",fshoui@cni.tn
Centre Tunisian d'Arbitrage et  de Méditition ,"El Menzah 7,Tunis ,Tunisie ",administration@arbitrationctam.org
CEOS TECH ,"123Drysdale Rd ,Northwold ,Randburg ,2188,South ",laurentgoulrnok@gmail.com
Compass it for information  technology company ,Hamem Sousse ,hadhamiragoubi@compass-it.net
Computer Soft Services ,1053LES BERGES DU LAC TUNIS ,css@planet.tn
Continous Net ,AV Yasser Arafet Sahloul ,contact@continousnet.com
Cookii mobile ,"Centre Urbain Nord ,1082Tunis ",haifa.taiouri@cookiimobile.com
Creometry Sarl ,"16rue la Plaestine ,1002Tunis ",mg@gcreometry.com
Croco coder ,"A1 ,Immeuble Yasmin Tower ",abderrahmen@crococoder.com
Cyberesa ,"Golden Tower ,Centre Urbain Nord ,Bloc B ,7ème Etage ,Appt7-8 ,Tunis ",rh@cyberesa.net
Cyclone It ,Tunis ,contect@cyclone-it.com
Data Era ,"CLEOPATRE building ,Centre Urbain Nord BR C4-1",contact@data-era.com
Designet Web Agency ,Menzl Tmime ,contact@designet.tn.com
Deumix ,"Centre Urbain Nord ,Immeuble Nour City ",direction@deumix.tn
DIGIBRAIN AGENCY ,"A8-8 immeuble Golden Towers ,Tunis ",contact@digirbainagency.com
Dwaya ,Samrt Tunisian Technoparks Ghazella Ariana ,ibira.neirouz@gmail.com
Educanet ,Rue Yasser Arafet Sahloul Sousse ,hamissa.hamda@gmail.com
El Fouladh ,meanzel bourguiba ,formation@elfouladh.com.tn
Elsm Consulting ,"Immeuble étoiledu nord ,Bureau AB ,Ctre Urbain ",amorsi@epsm.consulting.com
ElyaData ,Rue de l'île Failaka Immeuble HBG holding 2ième étage Les Berges du Lac 2.1053,contact@elyadata.com
Enova Robotics ,"Novation City Technopole de Sousse Sousse ,4051",contact@enovarobotics.com
Ero Tech Conseil ,"65,RUE De kairaoun4013 -MESSA .4013Sousse ",karime@etcinfo.fr
Focus Corporation ,"Focus Building ,ZI 33,Chotrana II 2036Ariana ,Tunisia ",mariem.dahmoun@focus.corporation.com
Global Payement Gateway ,"PARC TECHNOLOGIQUE EL GAZELLA BP59 ,Cebalat ",Queslati@gpgateway.com
Hippo Labs Inc ,"30N Gould St Ste 21106,Sheridan ,WY 82801,USA ",mariia.ceiovic@joinhippo.com
HU Consulting Tunisie ,"R. El Waquidi Et Du Boulevard Charles Nicolles ,Menzah 4,1004Menzah Tunis ",vasser_benneima@gmail.com 
Horizon Data ,"6,Avenue Habib Bourguiba ,Immeuble Saadi ,3ème étage,Tour C -D 1082Menzah 4Tunisie ,",contact@horizon-data.tn
Hoss -Tunisie /Taha Hammami ,Sfax ,contact@hoss.tn
Huawei Tech Investment CO  United ,Rue de la feuille Lac 2,mourad.baghdadi@huawei.com
I Lead Consulting Tunisia ,Centre Urbain Tunis ,salah.mansour@i-lead-consulting.com
llef Info Service ,Place d'évacuation 4100Médnine ,ilef.infoservice@gmail.com
IPSOFT ,"Bloc Nº B ,Immeuble SAFSAF ,Avenue du JAPAN ,Nº ",commercial@ip-soft.tn
ISI Digital ,immeuble cléopatre 7émeétageBureau A7-1 2083,marketing@isi.com.tn
IT Gust ,"Rue De Khartoum ,Tunis ",contact@iteust.group.com
Karriery ,Coworking Espace Digital Lab Manouba .,halimboussada10@gmail.com
Karwisoft ,232rue de l'atmosphere Gatineau QC J9A 3N9,sofien.klif@karwisoft.com
L Mobile Tunisia SARL ,"30Rue de Sousse ,Nabeul ",hend.kharez@l-mobile.com
industries de Raffinage (STIR ),"Zarzouna ,Bizerte ,Tunisie ",stir@stir.com.tn
Laboratoire de recherche EMAT ,"R. El Waquidi Et Du Boulevard Charles Nicolles , Moncton ,Nouveau -Brunswick E1A3E9 ",habib.hamam@umoncton.ca
Laboratoire de recherche ENIT ,Compus Universitaire El Manar ,joseph.haggege@enit.com.tn
Leevya Communication ,Megrine ,contact@leevya.com
Line Data ,Imm .Cleopatre Center Bloc B Centre Urbain Nord ,monder.merai@linedata.com
logicom Informatique ,"Avenue 14Janvier Imm.Karama 1èreetage App 12,",ahmedfakhfakh@gmail.com
"pazarlama A ,S ","Krizantem Sk .No :46,34330Beşiktaş /İstanbul,",talha@manenoliagames.com
Markom Web ,"AV Habib Bourguiba ,Ariana ",info@markomweb.com
MB21 ,"45,R. Faycal BEN ABDELAZIZ ;8050HAMMAMET ",m.abidi@mb2i.fr
Media Net ,"Avenue Habib Bourguiba ,10Décembre ,immeuble ",maher.mehi@medianet.com.tn
MINT IT ,"8Rue du Royaume d'Arabie Saoudite ,Tunis 1002",office@mintit.ia
Mobelite Labs ,"immeuble Errachid ,Av .du combattant suprême ,",contact@mobelite.fr
MS Solution Group ,"Immeuble le 45,Avenue du Japon",contact@mssolutions-group.com
MTK Kairouan ,"AV Bait el hikma Mansoura ,3000Kairouan Sud ",mtk.tn@planet.tn
Multicom SARL ,"7Rue Abdelkerim Khtabi 2037EL Menzeh 7,Tunis ",info@multicom.tn.com
Neopolis development ,Mrezga Nabeul ,info@neopolis-dev.com
Next Step ,"rue 8612,Imm Energie solaire ,Charguia I ,Tunis ",s.mrabet@nextstep-it.com
OACA ,Center BP 137-1471000TUNIS CEDEX TUNISIE ,tunisia-ais@oaca.nat.tn
et des ports ,"Port de la goulette ,2060",info@ommp.nat.tn
Pixémantic ,Centre Urbain Nord ,contact@pixemantic.com
Progress Technologies ,56rue jaurés massy 91300France ,projets.progress.technologies@gmail.com
Proxym ,Technopole ,contact@proxym.it.com
Technologies ,"34Avenue de Paris ,Megrine ",riadh.msolli@sagemcom.com
Selene Technology ,"Av .Mongi Ben Hmida ,Kélibia ",selenetechnologytn@gmail.com
SFM Technologies ,81Rue Hedi Chaker -1002Tunis -Tunisia ,info@sfmtelecom.com
SIDI SARL ,"4,Rue de l'Artisanat -Z.I. Charguia II ",contact@digitalbandle.tn
Siege Sociale de STEG ,"38,Rue Kemal Ataturk ,Tunis ",mnhellal@ster.com.tn
Smart ERP ,Pole Technologies de la Manouba ,contact@smart-it.tn
Societé Metam Tunisie ,Avenue Habib Bourguiba résidence Ettaoufik,sahar.kristou@metam.tech
Sofia Tech ,"Immeuble HERTZ ,20,2035Rue des Entrepreneurs ,",contact@sofia-technologies.tn
Softsquare IT ,Cyber Park Houmt Souk ,contact@softsquareit.com
Sonede ,"2,Avenue Slimane Ben Slimane ,El Manar 2,Tunis ",sonede@sonede.com.tn
Spring Travel Services ,"14Boulvard Habib Chrita ,Tunis ",dorra@tunisiebooking.com
ST21 ,Immeuble ben mansour ,aa.amira@st2i.com.tn
STE Comand Dev SARL ,Sahloul Sousse ,contact@hexashore.com
(ST21 ),du Lac ,sofiene.charbi@st2i.com.tn
Stramica ,rue des minireaux charguia I ,iabrinaiib910@gmail.com
Super Soft ,"rue 37,Yakouta Hamaoui Ariana ",riadhs@gmail.com
Targa Consult ,ZI Le Kram Tunisie ,emna@tarea-consult.com
T -Cody ,La Marsa ,k.iendoubi@t-cody.com
Tech Inventors TN ,RUE 20MARS JAWHARA Sousse 400,contact@techinventors.com.tn
Technocolabs Softwares ,India ,technocollabs@gmail.com
TEKSIGHT ,"B.P 110,2210Tozeur -Tunisie ",saida.akermi@teksight.net
Troutwood LLC ,"467Troutwood drive ,Pittsburgh ,Pennsylvania ",gerenatali@troutwood.com
Tuni Tech ,Turkey Street Sahloul 4054Sousse ,contact@tuni-tech.com
Tunisian Cloud ,"immeuble Chammam ,angle des rues du Lac TOBA ",contact@tunisiancloud.com
Tunisie Systéme d'Information ,Ennasr 1-2037Ariana Tunisie ,info@tsi.com.tn
Tunisie Telecom ,Montplaisir ,fatima.bouzid@tunisiatelecom.tn
Value Digital Services ,"Rue du Lac Turkana ,Tunis ",contact@value.com.tn
Vneuron RC ,"4Rue de l'artisanat ,Charguia 2,2035Tunis ",hello@yneuron.com
WG Consulting ,Avenue Habib Bouguiba -5080Teboulba -Monastir ,r.boussema@wg-consulting.fr
Wificom ,"Rue du Lac Biwa ,Tunis ",contact@weficom.com
